"Gene_ID","Gene_Name","Transcript_A","Transcript_B","COEX_Score","P_Value","Enriched_Cell_Types_A","Enriched_Cell_Types_B","Max_Contrast_A","Max_Contrast_B"
"ENSMUSG00000021268","Meg3","ENSMUST00000146701","ENSMUST00000246047",-0.173513665795326,1.58477257711549e-28,"07; 08; 09; 10; 11; 12; 13; 14; 15","-1; 02; 03; 04; 05; 06",0.27573842893893,0.563936962878607
"ENSMUSG00000021268","Meg3","ENSMUST00000129245","ENSMUST00000146701",-0.160023406147957,1.65185536997982e-24,"-1; 02; 03; 04; 05; 06","07; 08; 09; 10; 11; 12; 13; 14; 15",0.560973440367685,0.274931204411644
"ENSMUSG00000092341","Malat1","ENSMUST00000173499","ENSMUST00000245771",-0.104165658354759,2.90866904473516e-11,"07; 09; 11; 12; 14","-1; 02; 03; 04; 05; 06",0.238366592792081,0.232768669727966
"ENSMUSG00000092341","Malat1","ENSMUST00000173499","ENSMUST00000245150",-0.0728428140282631,3.30145272640185e-06,"07; 08; 09; 10; 11; 12; 13; 14; 15","-1; 02; 03; 04; 05; 06",0.150600016670322,0.265192664315946
"ENSMUSG00000039218","Srrm2","ENSMUST00000088621","ENSMUST00000186961",-0.05929946154356,0.000152874436723684,"11","-1",0.101832404852261,0.0550540170203913
"ENSMUSG00000039218","Srrm2","ENSMUST00000088621","ENSMUST00000233636",-0.0586933195590973,0.00017849906699611,"11","-1",0.106390390322719,0.0509249236523304
"ENSMUSG00000021268","Meg3","ENSMUST00000129245","ENSMUST00000247387",-0.0433006957173347,0.00569560283727536,"-1; 02; 03; 04; 05; 06","09; 11; 12",0.44515139784938,0.164468277129347
"ENSMUSG00000063511","Snrnp70","ENSMUST00000074575","ENSMUST00000211178",-0.0423766262829304,0.0068138738638298,"03","14",0.063756286236831,0.0629676853191098
"ENSMUSG00000021268","Meg3","ENSMUST00000129245","ENSMUST00000246553",-0.0423276051878929,0.00687836703610533,"-1; 02; 03; 04; 05; 06","09; 11; 12",0.444463051695073,0.162788907461674
"ENSMUSG00000021268","Meg3","ENSMUST00000129245","ENSMUST00000245180",-0.0420389883220196,0.00726931969003666,"-1; 02; 03; 04; 05; 06","09; 11; 12",0.442045980939982,0.168953253541764
"ENSMUSG00000021268","Meg3","ENSMUST00000129245","ENSMUST00000246499",-0.0419463850557804,0.00739891785272675,"-1; 02; 03; 04; 05; 06","09; 11; 12; 13",0.44181327111412,0.167682852826832
"ENSMUSG00000021268","Meg3","ENSMUST00000246047","ENSMUST00000247387",-0.0415597297251225,0.00796271946532261,"-1; 02; 03; 04; 05; 06","09; 11; 12",0.448114920360302,0.165275501656632
"ENSMUSG00000021268","Meg3","ENSMUST00000129245","ENSMUST00000246427",-0.0410018749535084,0.00884398830473951,"-1; 02; 03; 04; 05; 06","09; 11; 12",0.441001965175821,0.163559692420353
"ENSMUSG00000021268","Meg3","ENSMUST00000246047","ENSMUST00000246553",-0.0406251139938831,0.00948747661500211,"-1; 02; 03; 04; 05; 06","09; 11; 12",0.447426574205995,0.163596131988959
"ENSMUSG00000021268","Meg3","ENSMUST00000129245","ENSMUST00000246700",-0.0406131893396378,0.00950850813929751,"-1; 02; 03; 04; 05; 06","09; 11; 12",0.440832372098772,0.171603740520057
"ENSMUSG00000021268","Meg3","ENSMUST00000245180","ENSMUST00000246047",-0.0405287593603134,0.0096586104879949,"09; 11; 12","-1; 02; 03; 04; 05; 06",0.169760478069049,0.445009503450904
"ENSMUSG00000021268","Meg3","ENSMUST00000246047","ENSMUST00000246499",-0.0404575392603874,0.00978686650935778,"-1; 02; 03; 04; 05; 06","09; 11; 12",0.444776793625042,0.168490077354118
"ENSMUSG00000021268","Meg3","ENSMUST00000129245","ENSMUST00000143836",-0.0404360145330429,0.0098259266508486,"-1; 02; 03; 04; 05; 06","09; 11; 12",0.440535319515587,0.165995217754526
"ENSMUSG00000028176","Lrrc7","ENSMUST00000197866","ENSMUST00000198284",-0.0404111556708813,0.00987120993193376,"03; 04; 05","08",0.063400318464581,0.0638809595789138
"ENSMUSG00000063511","Snrnp70","ENSMUST00000211178","ENSMUST00000211290",-0.0403653457760811,0.00995514520271748,"14","03",0.0616645549166027,0.0501880000127134
"ENSMUSG00000021268","Meg3","ENSMUST00000129245","ENSMUST00000245980",-0.0401460155844688,0.0103658856369417,"-1; 02; 03; 04; 05; 06","09; 11; 12",0.441388096882482,0.165928620538443
"ENSMUSG00000021268","Meg3","ENSMUST00000246047","ENSMUST00000246427",-0.0395678579807281,0.0115217612792642,"-1; 02; 03; 04; 05; 06","09; 11; 12",0.443965487686742,0.164366916947638
"ENSMUSG00000021268","Meg3","ENSMUST00000246047","ENSMUST00000246700",-0.0391834117472172,0.0123523471575078,"-1; 02; 03; 04; 05; 06","09; 11; 12",0.443795894609693,0.172410965047342
"ENSMUSG00000021268","Meg3","ENSMUST00000129245","ENSMUST00000247194",-0.0390765070915222,0.0125925437393224,"-1; 02; 03; 04; 05; 06","09; 11; 12",0.439507185354538,0.170176433096729
"ENSMUSG00000021268","Meg3","ENSMUST00000143836","ENSMUST00000246047",-0.0390331707894802,0.0126910849797695,"09; 11; 12","-1; 02; 03; 04; 05; 06",0.166802442281811,0.443498842026509
"ENSMUSG00000021268","Meg3","ENSMUST00000245980","ENSMUST00000246047",-0.0386469401419163,0.013599910601874,"09; 11; 12","-1; 02; 03; 04; 05; 06",0.166735845065729,0.444351619393404
"ENSMUSG00000021268","Meg3","ENSMUST00000246047","ENSMUST00000247194",-0.0377384647727013,0.0159676804996298,"-1; 02; 03; 04; 05; 06","09; 11; 12",0.44247070786546,0.170983657624014
"ENSMUSG00000023868","Pde10a","ENSMUST00000141877","ENSMUST00000233652",-0.0374922342598438,0.0166688719817558,"13","07; 08; 09; 10; 11; 12; 15",0.785212344978822,0.125974605548365
"ENSMUSG00000021268","Meg3","ENSMUST00000129245","ENSMUST00000243087",-0.0335734188556671,0.0320561737655042,"-1; 02; 03; 04; 05; 06","09; 11; 12",0.435607622304097,0.148731442898188
"ENSMUSG00000030209","Grin2b","ENSMUST00000053880","ENSMUST00000125905",-0.0332230068743229,0.0338936068938102,"08; 11; 13","03; 04; 05; 06",0.0875997628998452,0.0862038604619335
"ENSMUSG00000021268","Meg3","ENSMUST00000129245","ENSMUST00000246154",-0.0330773256719112,0.0346836000219552,"-1; 02; 03; 04; 05; 06","09; 11; 12",0.43544851833193,0.15245357247266
"ENSMUSG00000021268","Meg3","ENSMUST00000129245","ENSMUST00000243937",-0.0325118079781532,0.0379009686305604,"-1; 02; 03; 04; 05; 06","09; 11; 12",0.43476476878505,0.143213989925642
"ENSMUSG00000021268","Meg3","ENSMUST00000243087","ENSMUST00000246047",-0.0324691124260426,0.03815386024795,"09; 11; 12","-1; 02; 03; 04; 05; 06",0.149538667425474,0.438571144815019
"ENSMUSG00000060314","Zfp941","ENSMUST00000080651","ENSMUST00000106052",-0.0323697216808796,0.0387481280680371,"12","04; 09",0.0775461209734968,0.0708019569950406
"ENSMUSG00000021268","Meg3","ENSMUST00000129245","ENSMUST00000143847",-0.0321921743452549,0.0398292808515676,"-1; 02; 03; 04; 05; 06","09; 11; 12",0.43456061469623,0.15533477662972
"ENSMUSG00000021268","Meg3","ENSMUST00000129245","ENSMUST00000247320",-0.0321921743452549,0.0398292808515676,"-1; 02; 03; 04; 05; 06","09; 11; 12",0.43456061469623,0.15533477662972
"ENSMUSG00000021268","Meg3","ENSMUST00000126289","ENSMUST00000129245",-0.0320291556417942,0.040844398341674,"09; 11; 12","-1; 02; 03; 04; 05; 06",0.149338488679801,0.434763949915188
"ENSMUSG00000021268","Meg3","ENSMUST00000246047","ENSMUST00000246154",-0.031967468559742,0.0412342006843439,"-1; 02; 03; 04; 05; 06","09; 11; 12",0.438412040842852,0.153260796999945
"ENSMUSG00000021268","Meg3","ENSMUST00000129245","ENSMUST00000247335",-0.031869862228632,0.0418574135971758,"-1; 02; 03; 04; 05; 06","09; 11; 12",0.434354716386914,0.158228652056678
"ENSMUSG00000021268","Meg3","ENSMUST00000243937","ENSMUST00000246047",-0.0314670130610466,0.0445146003137914,"09; 11; 12","-1; 02; 03; 04; 05; 06",0.144021214452928,0.437728291295971
"ENSMUSG00000021268","Meg3","ENSMUST00000143847","ENSMUST00000246047",-0.0311578828841448,0.046648894458927,"09; 11; 12","-1; 02; 03; 04; 05; 06",0.156142001157006,0.437524137207152
"ENSMUSG00000021268","Meg3","ENSMUST00000246047","ENSMUST00000247320",-0.0311578828841448,0.046648894458927,"-1; 02; 03; 04; 05; 06","09; 11; 12",0.437524137207152,0.156142001157006
"ENSMUSG00000021268","Meg3","ENSMUST00000129245","ENSMUST00000246462",-0.0310662649571896,0.0472977495233195,"-1; 02; 03; 04; 05; 06","09; 11; 12",0.434124359218572,0.16123596054881
"ENSMUSG00000021268","Meg3","ENSMUST00000126289","ENSMUST00000246047",-0.0309557411819696,0.0480905838864599,"09; 11; 12","-1; 02; 03; 04; 05; 06",0.150145713207087,0.437727472426109
"ENSMUSG00000021268","Meg3","ENSMUST00000243087","ENSMUST00000247243",-0.0308505464345217,0.0488555331795325,"11; 12","-1; 14",0.0802843375472584,0.0614411391797287
"ENSMUSG00000021268","Meg3","ENSMUST00000246047","ENSMUST00000247335",-0.0308461673557758,0.0488875969170399,"-1; 02; 03; 04; 05; 06","09; 11; 12",0.437318238897835,0.159035876583963
