Gene_ID,Gene_Name,Transcript_A_file1,Transcript_B_file1,COEX_Score_file1,P_Value_file1,Enriched_Cell_Types_A_file1,Enriched_Cell_Types_B_file1,Max_Contrast_A_file1,Max_Contrast_B_file1,Tr_min_file1,Tr_max_file1,DTU_ID,Transcript_A_file2,Transcript_B_file2,COEX_Score_file2,P_Value_file2,Enriched_Cell_Types_A_file2,Enriched_Cell_Types_B_file2,Max_Contrast_A_file2,Max_Contrast_B_file2,Tr_min_file2,Tr_max_file2,COEX_Diff
ENSMUSG00000021268,Meg3,ENSMUST00000146701,ENSMUST00000246047,-0.173513665795326,1.58477257711549e-28,07; 08; 09; 10; 11; 12,-1; 02; 03; 04; 05; 06,0.278827776141963,0.663113635493595,ENSMUST00000146701,ENSMUST00000246047,ENSMUSG00000021268___ENSMUST00000146701___ENSMUST00000246047,ENSMUST00000146701,ENSMUST00000246047,-0.173513665795326,1.58477257711549e-28,07; 08; 09; 10; 11; 12; 13; 14; 15,-1; 02; 03; 04; 05; 06,0.27573842893893,0.563936962878607,ENSMUST00000146701,ENSMUST00000246047,0
ENSMUSG00000021268,Meg3,ENSMUST00000129245,ENSMUST00000146701,-0.160023406147957,1.65185536997982e-24,-1; 02; 03; 04; 05; 06,07; 08; 09; 10; 11; 12,0.628498934459598,0.282083995521846,ENSMUST00000129245,ENSMUST00000146701,ENSMUSG00000021268___ENSMUST00000129245___ENSMUST00000146701,ENSMUST00000129245,ENSMUST00000146701,-0.160023406147957,1.65185536997982e-24,-1; 02; 03; 04; 05; 06,07; 08; 09; 10; 11; 12; 13; 14; 15,0.560973440367685,0.274931204411644,ENSMUST00000129245,ENSMUST00000146701,0
ENSMUSG00000092341,Malat1,ENSMUST00000173499,ENSMUST00000245771,-0.104165658354759,2.9086690447351598e-11,08; 10; 11; 12,02; 04; 05; 06,0.266395780952275,0.28686630683954,ENSMUST00000173499,ENSMUST00000245771,ENSMUSG00000092341___ENSMUST00000173499___ENSMUST00000245771,ENSMUST00000173499,ENSMUST00000245771,-0.104165658354759,2.9086690447351598e-11,07; 09; 11; 12,-1; 02; 04; 05; 06,0.238366592792081,0.232768669727966,ENSMUST00000173499,ENSMUST00000245771,0
ENSMUSG00000092341,Malat1,ENSMUST00000173499,ENSMUST00000245150,-0.0728428140282631,3.30145272640185e-6,08; 09; 10; 11; 12,-1; 02; 04; 05; 06,0.169653886892997,0.291789997573747,ENSMUST00000173499,ENSMUST00000245150,ENSMUSG00000092341___ENSMUST00000173499___ENSMUST00000245150,ENSMUST00000173499,ENSMUST00000245150,-0.0728428140282631,3.30145272640185e-6,07; 08; 09; 10; 11; 12; 13; 14,-1; 02; 03; 04; 05; 06,0.150600016670322,0.265192664315946,ENSMUST00000173499,ENSMUST00000245150,0
ENSMUSG00000021268,Meg3,ENSMUST00000129245,ENSMUST00000247387,-0.0433006957173347,0.00569560283727536,02; 04; 05; 06,11; 12,0.337541489817411,0.291575003556661,ENSMUST00000129245,ENSMUST00000247387,ENSMUSG00000021268___ENSMUST00000129245___ENSMUST00000247387,ENSMUST00000129245,ENSMUST00000247387,-0.0433006957173347,0.00569560283727536,-1; 02; 03; 04; 05; 06,09; 11; 12,0.44515139784938,0.164468277129347,ENSMUST00000129245,ENSMUST00000247387,0
ENSMUSG00000021268,Meg3,ENSMUST00000129245,ENSMUST00000246553,-0.0423276051878929,0.00687836703610533,02; 04; 05; 06,11; 12,0.335970884887812,0.291605612570819,ENSMUST00000129245,ENSMUST00000246553,ENSMUSG00000021268___ENSMUST00000129245___ENSMUST00000246553,ENSMUST00000129245,ENSMUST00000246553,-0.0423276051878929,0.00687836703610533,-1; 02; 03; 04; 05; 06,09; 11; 12,0.444463051695073,0.162788907461674,ENSMUST00000129245,ENSMUST00000246553,0
ENSMUSG00000021268,Meg3,ENSMUST00000129245,ENSMUST00000245180,-0.0420389883220196,0.00726931969003666,02; 04; 05; 06,11; 12,0.330622881620579,0.29625176906071,ENSMUST00000129245,ENSMUST00000245180,ENSMUSG00000021268___ENSMUST00000129245___ENSMUST00000245180,ENSMUST00000129245,ENSMUST00000245180,-0.0420389883220196,0.00726931969003666,-1; 02; 03; 04; 05; 06,09; 11; 12,0.442045980939982,0.168953253541764,ENSMUST00000129245,ENSMUST00000245180,0
ENSMUSG00000021268,Meg3,ENSMUST00000129245,ENSMUST00000246499,-0.0419463850557804,0.00739891785272675,02; 04; 05; 06,11; 12,0.330102346344955,0.292646799389146,ENSMUST00000129245,ENSMUST00000246499,ENSMUSG00000021268___ENSMUST00000129245___ENSMUST00000246499,ENSMUST00000129245,ENSMUST00000246499,-0.0419463850557804,0.00739891785272675,-1; 02; 03; 04; 05; 06,09; 11; 12,0.44181327111412,0.167682852826832,ENSMUST00000129245,ENSMUST00000246499,0
ENSMUSG00000021268,Meg3,ENSMUST00000246047,ENSMUST00000247387,-0.0415597297251225,0.00796271946532261,02; 04; 05; 06,11; 12,0.372156190851407,0.288318784176778,ENSMUST00000246047,ENSMUST00000247387,ENSMUSG00000021268___ENSMUST00000246047___ENSMUST00000247387,ENSMUST00000246047,ENSMUST00000247387,-0.0415597297251225,0.00796271946532261,-1; 02; 03; 04; 05; 06,09; 11; 12,0.448114920360302,0.165275501656632,ENSMUST00000246047,ENSMUST00000247387,0
ENSMUSG00000021268,Meg3,ENSMUST00000129245,ENSMUST00000246427,-0.0410018749535084,0.00884398830473951,02; 04; 05; 06,11; 12,0.328260339146111,0.29286090272304,ENSMUST00000129245,ENSMUST00000246427,ENSMUSG00000021268___ENSMUST00000129245___ENSMUST00000246427,ENSMUST00000129245,ENSMUST00000246427,-0.0410018749535084,0.00884398830473951,-1; 02; 03; 04; 05; 06,09; 11; 12,0.441001965175821,0.163559692420353,ENSMUST00000129245,ENSMUST00000246427,0
ENSMUSG00000021268,Meg3,ENSMUST00000246047,ENSMUST00000246553,-0.0406251139938831,0.00948747661500211,02; 04; 05; 06,11; 12,0.370585585921808,0.288349393190937,ENSMUST00000246047,ENSMUST00000246553,ENSMUSG00000021268___ENSMUST00000246047___ENSMUST00000246553,ENSMUST00000246047,ENSMUST00000246553,-0.0406251139938831,0.00948747661500211,-1; 02; 03; 04; 05; 06,09; 11; 12,0.447426574205995,0.163596131988959,ENSMUST00000246047,ENSMUST00000246553,0
ENSMUSG00000021268,Meg3,ENSMUST00000129245,ENSMUST00000246700,-0.0406131893396378,0.00950850813929751,02; 04; 05; 06,11; 12,0.327867444111477,0.291512254657079,ENSMUST00000129245,ENSMUST00000246700,ENSMUSG00000021268___ENSMUST00000129245___ENSMUST00000246700,ENSMUST00000129245,ENSMUST00000246700,-0.0406131893396378,0.00950850813929751,-1; 02; 03; 04; 05; 06,09; 11; 12,0.440832372098772,0.171603740520057,ENSMUST00000129245,ENSMUST00000246700,0
ENSMUSG00000021268,Meg3,ENSMUST00000245180,ENSMUST00000246047,-0.0405287593603134,0.0096586104879949,11; 12,02; 04; 05; 06,0.29299554968082703,0.365237582654575,ENSMUST00000245180,ENSMUST00000246047,ENSMUSG00000021268___ENSMUST00000245180___ENSMUST00000246047,ENSMUST00000245180,ENSMUST00000246047,-0.0405287593603134,0.0096586104879949,09; 11; 12,-1; 02; 03; 04; 05; 06,0.169760478069049,0.445009503450904,ENSMUST00000245180,ENSMUST00000246047,0
ENSMUSG00000021268,Meg3,ENSMUST00000246047,ENSMUST00000246499,-0.0404575392603874,0.00978686650935778,02; 04; 05; 06,11; 12,0.364717047378952,0.289390580009264,ENSMUST00000246047,ENSMUST00000246499,ENSMUSG00000021268___ENSMUST00000246047___ENSMUST00000246499,ENSMUST00000246047,ENSMUST00000246499,-0.0404575392603874,0.00978686650935778,-1; 02; 03; 04; 05; 06,09; 11; 12,0.444776793625042,0.168490077354118,ENSMUST00000246047,ENSMUST00000246499,0
ENSMUSG00000021268,Meg3,ENSMUST00000129245,ENSMUST00000143836,-0.0404360145330429,0.0098259266508486,02; 04; 05; 06,11; 12,0.327199914174505,0.286139511984636,ENSMUST00000129245,ENSMUST00000143836,ENSMUSG00000021268___ENSMUST00000129245___ENSMUST00000143836,ENSMUST00000129245,ENSMUST00000143836,-0.0404360145330429,0.0098259266508486,-1; 02; 03; 04; 05; 06,09; 11; 12,0.440535319515587,0.165995217754526,ENSMUST00000129245,ENSMUST00000143836,0
ENSMUSG00000021268,Meg3,ENSMUST00000129245,ENSMUST00000245980,-0.0401460155844688,0.0103658856369417,02; 04; 05; 06,11; 12,0.329077769107367,0.286337425450807,ENSMUST00000129245,ENSMUST00000245980,ENSMUSG00000021268___ENSMUST00000129245___ENSMUST00000245980,ENSMUST00000129245,ENSMUST00000245980,-0.0401460155844688,0.0103658856369417,-1; 02; 03; 04; 05; 06,09; 11; 12,0.441388096882482,0.165928620538443,ENSMUST00000129245,ENSMUST00000245980,0
ENSMUSG00000021268,Meg3,ENSMUST00000246047,ENSMUST00000246427,-0.0395678579807281,0.0115217612792642,02; 04; 05; 06,11; 12,0.362875040180108,0.289604683343157,ENSMUST00000246047,ENSMUST00000246427,ENSMUSG00000021268___ENSMUST00000246047___ENSMUST00000246427,ENSMUST00000246047,ENSMUST00000246427,-0.0395678579807281,0.0115217612792642,-1; 02; 03; 04; 05; 06,09; 11; 12,0.443965487686742,0.164366916947638,ENSMUST00000246047,ENSMUST00000246427,0
ENSMUSG00000021268,Meg3,ENSMUST00000246047,ENSMUST00000246700,-0.0391834117472172,0.0123523471575078,02; 04; 05; 06,11; 12,0.362482145145474,0.288256035277196,ENSMUST00000246047,ENSMUST00000246700,ENSMUSG00000021268___ENSMUST00000246047___ENSMUST00000246700,ENSMUST00000246047,ENSMUST00000246700,-0.0391834117472172,0.0123523471575078,-1; 02; 03; 04; 05; 06,09; 11; 12,0.443795894609693,0.172410965047342,ENSMUST00000246047,ENSMUST00000246700,0
ENSMUSG00000021268,Meg3,ENSMUST00000129245,ENSMUST00000247194,-0.0390765070915222,0.0125925437393224,02; 04; 05; 06,11; 12,0.324859276109988,0.285109184432817,ENSMUST00000129245,ENSMUST00000247194,ENSMUSG00000021268___ENSMUST00000129245___ENSMUST00000247194,ENSMUST00000129245,ENSMUST00000247194,-0.0390765070915222,0.0125925437393224,-1; 03; 04; 05; 06,09; 11; 12,0.439507185354538,0.170176433096729,ENSMUST00000129245,ENSMUST00000247194,0
ENSMUSG00000021268,Meg3,ENSMUST00000143836,ENSMUST00000246047,-0.0390331707894802,0.0126910849797695,11; 12,02; 04; 05; 06,0.282883292604753,0.361814615208502,ENSMUST00000143836,ENSMUST00000246047,ENSMUSG00000021268___ENSMUST00000143836___ENSMUST00000246047,ENSMUST00000143836,ENSMUST00000246047,-0.0390331707894802,0.0126910849797695,09; 11; 12,-1; 02; 03; 04; 05; 06,0.166802442281811,0.443498842026509,ENSMUST00000143836,ENSMUST00000246047,0
ENSMUSG00000021268,Meg3,ENSMUST00000245980,ENSMUST00000246047,-0.0386469401419163,0.013599910601874,11; 12,02; 04; 05; 06,0.283081206070924,0.363692470141363,ENSMUST00000245980,ENSMUST00000246047,ENSMUSG00000021268___ENSMUST00000245980___ENSMUST00000246047,ENSMUST00000245980,ENSMUST00000246047,-0.0386469401419163,0.013599910601874,09; 11; 12,-1; 02; 03; 04; 05; 06,0.166735845065729,0.444351619393404,ENSMUST00000245980,ENSMUST00000246047,0
ENSMUSG00000021268,Meg3,ENSMUST00000246047,ENSMUST00000247194,-0.0377384647727013,0.0159676804996298,02; 04; 05; 06,11; 12,0.359473977143985,0.281852965052934,ENSMUST00000246047,ENSMUST00000247194,ENSMUSG00000021268___ENSMUST00000246047___ENSMUST00000247194,ENSMUST00000246047,ENSMUST00000247194,-0.0377384647727013,0.0159676804996298,-1; 02; 03; 04; 05; 06,09; 11; 12,0.44247070786546,0.170983657624014,ENSMUST00000246047,ENSMUST00000247194,0
ENSMUSG00000023868,Pde10a,ENSMUST00000141877,ENSMUST00000233652,-0.0374922342598438,0.0166688719817558,07,09; 10; 11,0.506276173349628,0.134034353523623,ENSMUST00000141877,ENSMUST00000233652,ENSMUSG00000023868___ENSMUST00000141877___ENSMUST00000233652,ENSMUST00000141877,ENSMUST00000233652,-0.0374922342598438,0.0166688719817558,13,07; 08; 09; 10; 11; 12; 15,0.785212344978822,0.125974605548365,ENSMUST00000141877,ENSMUST00000233652,0
ENSMUSG00000021268,Meg3,ENSMUST00000129245,ENSMUST00000243087,-0.0335734188556671,0.0320561737655042,02; 04; 05; 06,11; 12,0.315973535609048,0.244947654119281,ENSMUST00000129245,ENSMUST00000243087,ENSMUSG00000021268___ENSMUST00000129245___ENSMUST00000243087,ENSMUST00000129245,ENSMUST00000243087,-0.0335734188556671,0.0320561737655042,-1; 03; 04; 05; 06,09; 11; 12,0.435607622304097,0.148731442898188,ENSMUST00000129245,ENSMUST00000243087,0
ENSMUSG00000030209,Grin2b,ENSMUST00000053880,ENSMUST00000125905,-0.0332230068743229,0.0338936068938102,11,02; 04,0.0980486631596152,0.102529759412685,ENSMUST00000053880,ENSMUST00000125905,ENSMUSG00000030209___ENSMUST00000053880___ENSMUST00000125905,ENSMUST00000053880,ENSMUST00000125905,-0.0332230068743229,0.0338936068938102,11; 13,04; 05,0.0875997628998452,0.0862038604619335,ENSMUST00000053880,ENSMUST00000125905,0
ENSMUSG00000021268,Meg3,ENSMUST00000129245,ENSMUST00000246154,-0.0330773256719112,0.034683600021955197,02; 04; 05; 06,11; 12,0.315601979478138,0.246521529411087,ENSMUST00000129245,ENSMUST00000246154,ENSMUSG00000021268___ENSMUST00000129245___ENSMUST00000246154,ENSMUST00000129245,ENSMUST00000246154,-0.0330773256719112,0.034683600021955197,-1; 03; 04; 05; 06,09; 11; 12,0.43544851833193,0.15245357247266,ENSMUST00000129245,ENSMUST00000246154,0
ENSMUSG00000021268,Meg3,ENSMUST00000129245,ENSMUST00000243937,-0.0325118079781532,0.0379009686305604,02; 04; 05; 06,11; 12,0.314057937948564,0.247845648824109,ENSMUST00000129245,ENSMUST00000243937,ENSMUSG00000021268___ENSMUST00000129245___ENSMUST00000243937,ENSMUST00000129245,ENSMUST00000243937,-0.0325118079781532,0.0379009686305604,-1; 03; 04; 05; 06,09; 11; 12,0.43476476878505,0.143213989925642,ENSMUST00000129245,ENSMUST00000243937,0
ENSMUSG00000021268,Meg3,ENSMUST00000243087,ENSMUST00000246047,-0.0324691124260426,0.03815386024795,11; 12,02; 04; 05; 06,0.241691434739398,0.350588236643044,ENSMUST00000243087,ENSMUST00000246047,ENSMUSG00000021268___ENSMUST00000243087___ENSMUST00000246047,ENSMUST00000243087,ENSMUST00000246047,-0.0324691124260426,0.03815386024795,09; 11; 12,-1; 03; 04; 05; 06,0.149538667425474,0.438571144815019,ENSMUST00000243087,ENSMUST00000246047,0
ENSMUSG00000021268,Meg3,ENSMUST00000129245,ENSMUST00000143847,-0.0321921743452549,0.0398292808515676,02; 04; 05; 06,11; 12,0.313592033599857,0.241766619601146,ENSMUST00000129245,ENSMUST00000143847,ENSMUSG00000021268___ENSMUST00000129245___ENSMUST00000143847,ENSMUST00000129245,ENSMUST00000143847,-0.0321921743452549,0.0398292808515676,-1; 03; 04; 05; 06,09; 11; 12,0.43456061469623,0.15533477662972,ENSMUST00000129245,ENSMUST00000143847,0
ENSMUSG00000021268,Meg3,ENSMUST00000129245,ENSMUST00000247320,-0.0321921743452549,0.0398292808515676,02; 04; 05; 06,11; 12,0.313592033599857,0.244975025566109,ENSMUST00000129245,ENSMUST00000247320,ENSMUSG00000021268___ENSMUST00000129245___ENSMUST00000247320,ENSMUST00000129245,ENSMUST00000247320,-0.0321921743452549,0.0398292808515676,-1; 03; 04; 05; 06,09; 11; 12,0.43456061469623,0.15533477662972,ENSMUST00000129245,ENSMUST00000247320,0
ENSMUSG00000021268,Meg3,ENSMUST00000126289,ENSMUST00000129245,-0.0320291556417942,0.040844398341674,11; 12,02; 04; 05; 06,0.251791429965894,0.314040394328872,ENSMUST00000126289,ENSMUST00000129245,ENSMUSG00000021268___ENSMUST00000126289___ENSMUST00000129245,ENSMUST00000126289,ENSMUST00000129245,-0.0320291556417942,0.040844398341674,09; 11; 12,-1; 03; 04; 05; 06,0.149338488679801,0.434763949915188,ENSMUST00000126289,ENSMUST00000129245,0
ENSMUSG00000021268,Meg3,ENSMUST00000246047,ENSMUST00000246154,-0.031967468559742,0.0412342006843439,02; 04; 05; 06,11; 12,0.350216680512134,0.243265310031204,ENSMUST00000246047,ENSMUST00000246154,ENSMUSG00000021268___ENSMUST00000246047___ENSMUST00000246154,ENSMUST00000246047,ENSMUST00000246154,-0.031967468559742,0.0412342006843439,-1; 03; 04; 05; 06,09; 11; 12,0.438412040842852,0.153260796999945,ENSMUST00000246047,ENSMUST00000246154,0
ENSMUSG00000021268,Meg3,ENSMUST00000129245,ENSMUST00000247335,-0.031869862228632,0.0418574135971758,02; 04; 05; 06,11; 12,0.313122180391148,0.245308441285365,ENSMUST00000129245,ENSMUST00000247335,ENSMUSG00000021268___ENSMUST00000129245___ENSMUST00000247335,ENSMUST00000129245,ENSMUST00000247335,-0.031869862228632,0.0418574135971758,-1; 03; 04; 05; 06,09; 11; 12,0.434354716386914,0.158228652056678,ENSMUST00000129245,ENSMUST00000247335,0
ENSMUSG00000021268,Meg3,ENSMUST00000243937,ENSMUST00000246047,-0.0314670130610466,0.0445146003137914,11; 12,02; 04; 05; 06,0.244589429444227,0.34867263898256,ENSMUST00000243937,ENSMUST00000246047,ENSMUSG00000021268___ENSMUST00000243937___ENSMUST00000246047,ENSMUST00000243937,ENSMUST00000246047,-0.0314670130610466,0.0445146003137914,09; 11; 12,-1; 03; 04; 05; 06,0.144021214452928,0.437728291295971,ENSMUST00000243937,ENSMUST00000246047,0
ENSMUSG00000021268,Meg3,ENSMUST00000143847,ENSMUST00000246047,-0.0311578828841448,0.046648894458927,11; 12,02; 04; 05; 06,0.238510400221263,0.348206734633853,ENSMUST00000143847,ENSMUST00000246047,ENSMUSG00000021268___ENSMUST00000143847___ENSMUST00000246047,ENSMUST00000143847,ENSMUST00000246047,-0.0311578828841448,0.046648894458927,09; 11; 12,-1; 03; 04; 05; 06,0.156142001157006,0.437524137207152,ENSMUST00000143847,ENSMUST00000246047,0
ENSMUSG00000021268,Meg3,ENSMUST00000246047,ENSMUST00000247320,-0.0311578828841448,0.046648894458927,02; 04; 05; 06,11; 12,0.348206734633853,0.241718806186226,ENSMUST00000246047,ENSMUST00000247320,ENSMUSG00000021268___ENSMUST00000246047___ENSMUST00000247320,ENSMUST00000246047,ENSMUST00000247320,-0.0311578828841448,0.046648894458927,-1; 03; 04; 05; 06,09; 11; 12,0.437524137207152,0.156142001157006,ENSMUST00000246047,ENSMUST00000247320,0
ENSMUSG00000021268,Meg3,ENSMUST00000129245,ENSMUST00000246462,-0.0310662649571896,0.0472977495233195,02; 04; 05; 06,11; 12,0.312582257417436,0.23981135309922,ENSMUST00000129245,ENSMUST00000246462,ENSMUSG00000021268___ENSMUST00000129245___ENSMUST00000246462,ENSMUST00000129245,ENSMUST00000246462,-0.0310662649571896,0.0472977495233195,-1; 03; 04; 05; 06,09; 11; 12,0.434124359218572,0.16123596054881,ENSMUST00000129245,ENSMUST00000246462,0
ENSMUSG00000021268,Meg3,ENSMUST00000126289,ENSMUST00000246047,-0.0309557411819696,0.0480905838864599,11; 12,02; 04; 05; 06,0.248535210586012,0.348655095362868,ENSMUST00000126289,ENSMUST00000246047,ENSMUSG00000021268___ENSMUST00000126289___ENSMUST00000246047,ENSMUST00000126289,ENSMUST00000246047,-0.0309557411819696,0.0480905838864599,09; 11; 12,-1; 03; 04; 05; 06,0.150145713207087,0.437727472426109,ENSMUST00000126289,ENSMUST00000246047,0
ENSMUSG00000021268,Meg3,ENSMUST00000246047,ENSMUST00000247335,-0.0308461673557758,0.0488875969170399,02; 04; 05; 06,11; 12,0.347736881425145,0.242052221905482,ENSMUST00000246047,ENSMUST00000247335,ENSMUSG00000021268___ENSMUST00000246047___ENSMUST00000247335,ENSMUST00000246047,ENSMUST00000247335,-0.0308461673557758,0.0488875969170399,-1; 03; 04; 05; 06,09; 11; 12,0.437318238897835,0.159035876583963,ENSMUST00000246047,ENSMUST00000247335,0
