"tau","events","genes","mean_contrast","in_core","frac_in_core"
0.005,2006,430,0.0897614187281587,10,0.00498504486540379
0.01,1986,427,0.0905097790693004,10,0.00503524672708963
0.015,1938,417,0.09226783970417,10,0.00515995872033024
0.02,1823,392,0.0963412489290059,10,0.00548546352166758
0.025,1692,358,0.10094590763967,10,0.00591016548463357
0.03,1569,337,0.104990079255267,10,0.00637348629700446
0.035,1404,313,0.110871692330423,10,0.00712250712250712
0.04,1237,280,0.117223165316575,10,0.00808407437348424
0.045,1099,253,0.123407757421389,10,0.00909918107370337
0.05,961,227,0.130314648309501,10,0.0104058272632674
0.055,831,208,0.13689424322355,10,0.0120336943441637
0.06,713,183,0.144247456078339,10,0.0140252454417952
0.065,616,165,0.151050956807812,10,0.0162337662337662
0.07,532,144,0.157249125025395,10,0.018796992481203
0.075,473,130,0.164234806977486,10,0.0211416490486258
0.08,401,113,0.172387231002398,10,0.0249376558603491
0.085,345,101,0.180391721612296,10,0.0289855072463768
0.09,293,87,0.188822232228349,10,0.0341296928327645
0.095,257,73,0.1954678091416,10,0.0389105058365759
0.1,230,67,0.201863949428914,10,0.0434782608695652
0.105,203,62,0.209014793323889,10,0.0492610837438424
0.11,180,54,0.217228367456286,10,0.0555555555555556
0.115,162,48,0.223899904654079,10,0.0617283950617284
0.12,146,45,0.227350443489461,10,0.0684931506849315
0.125,127,39,0.234404848323879,10,0.078740157480315
0.13,111,33,0.243079810007318,10,0.0900900900900901
0.135,98,31,0.253217502078213,10,0.102040816326531
0.14,81,27,0.268051770695004,10,0.123456790123457
0.145,68,23,0.27582247132209,10,0.147058823529412
0.15,60,19,0.286037106773808,10,0.166666666666667
0.155,57,18,0.289014564965077,10,0.175438596491228
0.16,53,17,0.293245743812687,10,0.188679245283019
0.165,48,16,0.296286519878171,10,0.208333333333333
0.17,44,15,0.299821045808507,10,0.227272727272727
0.175,41,14,0.30088960965016,10,0.24390243902439
0.18,39,14,0.306899865526082,10,0.256410256410256
0.185,30,12,0.322323679170794,10,0.333333333333333
0.19,25,11,0.34272672584127,10,0.4
0.195,21,9,0.356988116914264,10,0.476190476190476
0.2,21,9,0.356988116914264,10,0.476190476190476
0.205,21,9,0.356988116914264,10,0.476190476190476
0.21,19,8,0.363472732813283,10,0.526315789473684
0.215,17,7,0.380032839731706,10,0.588235294117647
0.22,15,6,0.391038856620824,10,0.666666666666667
0.225,14,6,0.385982229804803,10,0.714285714285714
0.23,14,6,0.385982229804803,10,0.714285714285714
0.235,12,5,0.399771898703892,10,0.833333333333333
0.24,12,5,0.399771898703892,10,0.833333333333333
0.245,12,5,0.399771898703892,10,0.833333333333333
0.25,10,4,0.408031784564625,10,1
0.255,10,4,0.408031784564625,10,1
0.26,10,4,0.408031784564625,10,1
0.265,9,3,0.423614830301532,9,1
0.27,7,3,0.418041939682512,7,1
0.275,7,3,0.418041939682512,7,1
0.28,4,3,0.46199127935437,4,1
0.285,3,2,0.515298066191581,3,1
0.29,3,2,0.515298066191581,3,1
0.295,3,2,0.515298066191581,3,1
0.3,3,2,0.515298066191581,3,1
